{
  "bernoulli": {
    "theta_hat": 1.0,
    "k": 4389,
    "n": 4389,
    "se": 0.0
  },
  "poisson": {
    "lambda_hat": 2.384142,
    "n": 4389,
    "se": 0.023307
  },
  "beta": {
    "alpha": 4390,
    "beta": 1,
    "mode": 1.0,
    "mean": 0.999772,
    "ci_95": [
      0.99916,
      0.999994
    ]
  }
}