{
  "bernoulli": {
    "theta_hat": 0.572,
    "k": 286,
    "n": 500,
    "se": 0.022128
  },
  "poisson": {
    "lambda_hat": 1.921955,
    "n": 2537,
    "se": 0.027524
  },
  "beta": {
    "alpha": 287,
    "beta": 215,
    "mode": 0.572,
    "mean": 0.571713,
    "ci_95": [
      0.528218,
      0.614667
    ]
  }
}